Workbook

Sheet alternativo-potencia
F1: Norte | J1: Centro | N1: Oriente | R1: Sur | V1: Pando
F2: 2025 | G2: 2050 | J2: 2025 | K2: 2050 | N2: 2025 | O2: 2050 | R2: 2025 | S2: 2050 | V2: 2025 | W2: 2050
A3: Region | B3: 2025 | C3: 2050 | E3: Falla | F3: 40 | G3: 40 | I3: Falla | J3: 50 | K3: 50 | M3: Falla | N3: 20 | O3: 20 | Q3: Falla | R3: 55 | S3: 55 | U3: Falla | V3: 6.5 | W3: 6.5
A4: Norte | B4: 630.8 | C4: 1213.3 | E4: TG_ex | F4: 50.3 | G4: 50.3 | I4: TG_ex | J4: 419.8 | K4: 419.8 | M4: TG_ex | N4: 235 | O4: 235 | Q4: TG_ex | R4: 36.2 | S4: 36.2 | U4: Motor Dual_ex | V4: 65.8 | W4: 65.8
A5: Central | B5: 1646.7 | C5: 2468.9 | E5: TV_ex | F5: 15 | G5: 15 | I5: CC_ex | J5: 480 | K5: 480 | M5: TV_ex | N5: 84.3 | O5: 84.3 | Q5: Motor Dual_ex | R5: 0 | S5: 0 | U5: Total | V5: 72.3 | W5: 72.3
A6: Oriental | B6: 1363 | C6: 2952.8 | E6: Motor Dual_ex | F6: 37.8 | G6: 37.8 | I6: Solar_ex | J6: 100 | K6: 100 | M6: CC_ex | N6: 736 | O6: 736 | Q6: CC_ex | R6: 508.5 | S6: 508.5 | U6: SD | V6: 0.4 | W6: 10
A7: Sur | B7: 643.6 | C7: 1375.5 | E7: Solar_nv | F7: 120 | G7: 320 | I7: Solar_nv | J7: 0 | K7: 588 | M7: Solar_nv | N7: 20 | O7: 20 | Q7: Solar_ex | R7: 64 | S7: 64
A8: Pando | B8: 66.2 | C8: 75.8 | E8: Hidroelectrica_ex | F8: 309.7 | G8: 309.7 | I8: Eolica_ex | J8: 27 | K8: 27 | M8: Eolica_ex | N8: 108 | O8: 108 | Q8: Solar_nv | R8: 2.4 | S8: 632.4
B9: =SUM(B4:B8) -> 4350.3 | C9: =SUM(C4:C8) -> 8086.3 | E9: Hidro Otras | F9: 86 | G9: 205 | I9: Eolica_nuevas_SC | J9: 0 | K9: 51 | M9: Eolica_nuevas_SC | N9: 161 | O9: 741 | Q9: Hidroelectrica_ex | R9: 27.9 | S9: 27.9
E10: Total | F10: 658.8 | G10: 977.8 | I10: Hidroelectrica_ex | J10: 420.5 | K10: 420.5 | M10: Hidro Rositas | N10: 0 | O10: 600 | Q10: Total | R10: 694 | S10: 1324
E11: SD | F11: 12 | G11: 275.5 | I11: Hidro Otras | J11: 291 | K11: 291 | M11: Total | N11: 1364.3 | O11: 2544.3 | Q11: SD | R11: 4.6 | S11: 106.5
I12: Total | J12: 1788.3 | K12: 2427.3 | M12: SD | N12: 18.7 | O12: 428.5
I13: SD | J13: 8.4 | K13: 191.6
F17: Norte | J17: Centro | N17: Oriente | R17: Sur | V17: Pando
F18: 2025 | G18: 2050 | J18: 2025 | K18: 2050 | N18: 2025 | O18: 2050 | R18: 2025 | S18: 2050 | V18: 2025 | W18: 2050
E19: TG | F19: 50.3 | G19: 50.3 | I19: TG | J19: 419.8 | K19: 419.8 | M19: TG | N19: 235 | O19: 235 | Q19: TG | R19: 36.2 | S19: 36.2 | U19: Motor | V19: 65.8 | W19: 65.8
E20: TV | F20: 15 | G20: 15 | I20: CC | J20: 480 | K20: 480 | M20: TV | N20: 84.3 | O20: 84.3 | Q20: CC | R20: 508.5 | S20: 508.5 | U20: Solar Dist | V20: 0.4 | W20: 10
E21: Motor | F21: 37.8 | G21: 37.8 | I21: Solar | J21: 0 | K21: 588 | M21: CC | N21: 736 | O21: 736 | Q21: Solar | R21: =SUM(R7:R8) -> 66.4 | S21: =SUM(S7:S8) -> 696.4 | U21: Total | V21: =SUM(V19:V20) -> 66.2 | W21: =SUM(W19:W20) -> 75.8
E22: Solar | F22: 120 | G22: 320 | I22: Solar Dist | J22: 8.4 | K22: 191.6 | M22: Solar | N22: 20 | O22: 20 | Q22: Solar Dist | R22: 4.6 | S22: 106.5
E23: Solar Dist | F23: 12 | G23: 275.5 | I23: Eolica | J23: =SUM(J8:J9) -> 27 | K23: =SUM(K8:K9) -> 78 | M23: Solar dist | N23: 18.7 | O23: 428.5 | Q23: Hidro | R23: 27.9 | S23: 27.9
E24: Hidro | F24: =SUM(F8:F9) -> 395.7 | G24: =SUM(G8:G9) -> 514.7 | I24: Hidro | J24: =SUM(J10:J11) -> 711.5 | K24: =SUM(K10:K11) -> 711.5 | M24: Eolica | N24: =SUM(N8:N9) -> 269 | O24: =SUM(O8:O9) -> 849 | Q24: Total | R24: =SUM(R19:R23) -> 643.6 | S24: =SUM(S19:S23) -> 1375.5
E25: Total | F25: =SUM(F19:F24) -> 630.8 | G25: =SUM(G19:G24) -> 1213.3 | I25: Total | J25: =SUM(J19:J24) -> 1646.7 | K25: =SUM(K19:K24) -> 2468.9 | M25: Hidro | N25: 0 | O25: 600
M26: Total | N26: =SUM(N19:N25) -> 1363 | O26: =SUM(O19:O25) -> 2952.8

Sheet Tendencial-potencia
F2: Norte | J2: Centro | N2: Oriente | R2: Sur | V2: Pando
A3: Region | B3: 2025 | C3: 2050 | F3: 2025 | G3: 2050 | J3: 2025 | K3: 2050 | N3: 2025 | O3: 2050 | R3: 2025 | S3: 2050 | V3: 2025 | W3: 2050
A4: Norte | B4: 630.8 | C4: 1050.6213 | E4: TG_ex | F4: 50.3 | G4: 50.3 | I4: TG_ex | J4: 419.8 | K4: 419.8 | M4: TG_ex | N4: 235 | O4: 235 | Q4: TG_ex | R4: 36.2 | S4: 36.2 | U4: Motor Dual_ex | V4: 65.8 | W4: 65.8
A5: Central | B5: 1746.7 | C5: 2127.9 | E5: TG_nv | F5: 0 | G5: 37.32135 | I5: CC_ex | J5: 480 | K5: 480 | M5: TG_nv | N5: 0 | O5: 136.02533 | Q5: TG_nv | R5: 0 | S5: 1.861837 | U5: SD | V5: 0.4 | W5: 10
A6: Oriental | B6: 1463 | C6: 2008.8253 | E6: TV_ex | F6: 15 | G6: 15 | I6: Solar_ex | J6: 100 | K6: 100 | M6: TV_ex | N6: 84.3 | O6: 84.3 | Q6: Motor Dual_ex | R6: 0 | S6: 0 | U6: Total | V6: =SUM(V4:V5) -> 66.2 | W6: =SUM(W4:W5) -> 75.8
A7: Sur | B7: 643.6 | C7: 747.36184 | E7: Motor Dual_ex | F7: 37.8 | G7: 37.8 | I7: Solar_nv | J7: 0 | K7: 198 | M7: CC_ex | N7: 736 | O7: 736 | Q7: CC_ex | R7: 508.5 | S7: 508.5
A8: Pando | B8: 66.2 | C8: 75.8 | E8: Solar_nv | F8: 120 | G8: 120 | I8: Eolica_ex | J8: 27 | K8: 27 | M8: Solar_nv | N8: 20 | O8: 20 | Q8: Solar_ex | R8: 64 | S8: 64
A9: Total | B9: =SUM(B4:B8) -> 4550.3 | C9: =SUM(C4:C8) -> 6010.5085 | E9: Hidroelectrica_ex | F9: 309.7 | G9: 309.7 | I9: Hidroelectrica_ex | J9: 420.5 | K9: 420.5 | M9: Eolica_ex | N9: 108 | O9: 108 | Q9: Solar_nv | R9: 2.4 | S9: 2.4
E10: Hidro Otras | F10: 86 | G10: 205 | I10: Hidro Otras | J10: 291 | K10: 291 | M10: Eolica_nuevas_SC | N10: 261 | O10: 261 | Q10: Hidroelectrica_ex | R10: 27.9 | S10: 27.9
E11: SD | F11: 12 | G11: 275.5 | I11: SD | J11: 8.4 | K11: 191.6 | M11: SD | N11: 18.7 | O11: 428.5 | Q11: SD | R11: 4.6 | S11: 106.5
F14: Norte | J14: Centro | N14: Oriente | R14: Sur | V14: Pando
F15: 2025 | G15: 2050 | J15: 2025 | K15: 2050 | N15: 2025 | O15: 2050 | R15: 2025 | S15: 2050 | V15: 2025 | W15: 2050
E16: TG | F16: =SUM(F4:F5) -> 50.3 | G16: =SUM(G4:G5) -> 87.62135 | I16: TG | J16: 419.8 | K16: 419.8 | M16: TG | N16: =SUM(N4:N5) -> 235 | O16: =SUM(O4:O5) -> 371.02533 | Q16: TG | R16: =SUM(R4:R5) -> 36.2 | S16: =SUM(S4:S5) -> 38.061837
E17: TV | F17: 15 | G17: 15 | I17: CC | J17: 480 | K17: 480 | M17: TV | N17: 84.3 | O17: 84.3 | Q17: CC | R17: 508.5 | S17: 508.5
E18: Motor | F18: 37.8 | G18: 37.8 | I18: Solar | J18: =SUM(J6:J7) -> 100 | K18: =SUM(K6:K7) -> 298 | M18: CC | N18: 736 | O18: 736 | Q18: Solar | R18: =SUM(R8:R9) -> 66.4 | S18: =SUM(S8:S9) -> 66.4
E19: Solar | F19: 120 | G19: 120 | I19: Solar Dist | J19: 8.4 | K19: 191.6 | M19: Solar | N19: 20 | O19: 20 | Q19: Solar Dist. | R19: 4.6 | S19: 106.5
E20: Solar Dist | F20: 12 | G20: 275.5 | I20: Eolica | J20: 27 | K20: 27 | M20: Solar Dist | N20: 18.7 | O20: 428.5 | Q20: Hidro | R20: 27.9 | S20: 27.9
E21: Hidro | F21: =SUM(F9:F10) -> 395.7 | G21: =SUM(G9:G10) -> 514.7 | I21: Hidro | J21: =SUM(J9:J10) -> 711.5 | K21: =SUM(K9:K10) -> 711.5 | M21: Eolica | N21: =SUM(N9:N10) -> 369 | O21: =SUM(O9:O10) -> 369 | Q21: Total | R21: =SUM(R16:R20) -> 643.6 | S21: =SUM(S16:S20) -> 747.36184
E22: Total | F22: =SUM(F16:F21) -> 630.8 | G22: =SUM(G16:G21) -> 1050.6213 | I22: Total | J22: =SUM(J16:J21) -> 1746.7 | K22: =SUM(K16:K21) -> 2127.9 | M22: Total | N22: =SUM(N16:N21) -> 1463 | O22: =SUM(O16:O21) -> 2008.8253

Sheet Tendencial Generacion
G1: Norte | K1: Centro | O1: Oriente | S1: Sur | W1: Pando
G2: 2025 | H2: 2050 | K2: 2025 | L2: 2050 | O2: 2025 | P2: 2050 | S2: 2025 | T2: 2050 | W2: 2025 | X2: 2050
B3: Region | C3: 2025 | D3: 2050 | F3: Falla | G3: 0 | H3: 0 | J3: TG_ex | K3: 0 | L3: 623.67274 | N3: TG_ex | O3: 0 | P3: 883.66029 | R3: TG_ex | S3: 0 | T3: 119.40532 | V3: Motor Dual_ex | W3: 81.470918 | X3: 132.12456
B4: Norte | C4: 2003.3368 | D4: 3536.1448 | F4: TG_ex | G4: 9.5857919 | H4: 32.223212 | J4: CC_ex | K4: 255.22743 | L4: 1943.9791 | N4: TG_nv | O4: 0 | P4: 823.07533 | R4: TG_nv | S4: 0 | T4: 8.5726431 | V4: Total | W4: 81.470918 | X4: 132.12456
B5: Central | C5: 2852.1163 | D5: 6471.0001 | F5: TG_nv | G5: 0 | H5: 37.082492 | J5: Solar_ex | K5: 104.93616 | L5: 208.96803 | N5: TV_ex | O5: 246.0491 | P5: 228.79684 | R5: Motor Dual_ex | S5: 0 | T5: 0
B6: Oriental | C6: 4542.213 | D6: 8442.0151 | F6: TV_ex | G6: 15.629174 | H6: 34.444347 | J6: Solar_nv | K6: 0 | L6: 288.30042 | N6: CC_ex | O6: 2953.8601 | P6: 4510.8266 | R6: CC_ex | S6: 1620.7887 | T6: 2878.5866
B7: Sur | C7: 1903.6761 | D7: 3499.4051 | F7: Motor Dual_ex | G7: 65.832235 | H7: 221.77017 | J7: Eolica_ex | K7: 63.173229 | L7: 88.878416 | N7: Solar_nv | O7: 41.793607 | P7: 41.793607 | R7: Solar_ex | S7: 133.73954 | T7: 133.73954
B8: Pando | C8: 82.028054 | D8: 146.05296 | F8: Solar_nv | G8: 170.78576 | H8: 228.00477 | J8: Hidroelectrica_ex | K8: 1319.0117 | L8: 1546.8341 | N8: Eolica_ex | O8: 355.51367 | P8: 355.51367 | R8: Solar_nv | S8: 5.0152328 | T8: 5.0152328
B9: Total | F9: Hidroelectrica_ex | G9: 1379.6392 | H9: 1499.0128 | J9: Hidro Otras | K9: 1093.9031 | L9: 1408.5009 | N9: Eolica_nuevas_SC | O9: 915.18266 | P9: 915.18266 | R9: Hidroelectrica_ex | S9: 135.04184 | T9: 135.04184
F10: Hidro Otras | G10: 340.46217 | H10: 992.24288
G14: Norte | K14: Centro | O14: Oriente | S14: Sur | W14: Pando
G15: 2025 | H15: 2050 | K15: 2025 | L15: 2050 | O15: 2025 | P15: 2050 | S15: 2025 | T15: 2050 | W15: 2025 | X15: 2050
F16: TG | G16: =SUM(G4:G5) -> 9.5857919 | H16: =SUM(H4:H5) -> 69.305704 | J16: TG | K16: 0 | L16: 623.67274 | N16: TG | O16: =SUM(O3:O4) -> 0 | P16: =SUM(P3:P4) -> 1706.7356 | R16: TG | S16: =SUM(S3:S4) -> 0 | T16: =SUM(T3:T4) -> 127.97796 | V16: Motor Dual_ex | W16: 81.470918 | X16: 132.12456
F17: TV | G17: 15.629174 | H17: 34.444347 | J17: CC | K17: 255.22743 | L17: 1943.9791 | N17: TV | O17: 246.0491 | P17: 228.79684 | R17: TV | S17: 0 | T17: 8.5726431 | V17: SD | W17: =(8760*$W24*'Tendencial-potencia'!V5)/1000 -> 0.557136 | X17: =(8760*$W24*'Tendencial-potencia'!W5)/1000 -> 13.9284
F18: Motor | G18: 65.832235 | H18: 221.77017 | J18: Solar | K18: =SUM(K5:K6) -> 104.93616 | L18: =SUM(L5:L6) -> 497.26846 | N18: CC | O18: 2953.8601 | P18: 4510.8266 | R18: CC | S18: 1620.7887 | T18: 2878.5866 | V18: Total | W18: =SUM(W16:W17) -> 82.028054 | X18: =SUM(X16:X17) -> 146.05296
F19: Solar | G19: 170.78576 | H19: 228.00477 | J19: SD | K19: =(8760*$K24*'Tendencial-potencia'!J11)/1000 -> 15.86471 | L19: =(8760*$K24*'Tendencial-potencia'!K11)/1000 -> 361.86649 | N19: Solar | O19: 41.793607 | P19: 41.793607 | R19: Solar | S19: =SUM(S7:S8) -> 138.75478 | T19: =SUM(T7:T8) -> 138.75478
F20: SD | G20: =(8760*$G24*'Tendencial-potencia'!F11)/1000 -> 21.402432 | H20: =(8760*$G24*'Tendencial-potencia'!G11)/1000 -> 491.36417 | J20: Eolica | K20: 63.173229 | L20: 88.878416 | N20: SD | O20: =(8760*$O24*'Tendencial-potencia'!N11)/1000 -> 29.813784 | P20: =(8760*$O24*'Tendencial-potencia'!O11)/1000 -> 683.16612 | R20: SD | S20: =(8760*$S24*'Tendencial-potencia'!R11)/1000 -> 9.0907776 | T20: =(8760*$S24*'Tendencial-potencia'!S11)/1000 -> 210.47126
F21: Hidro | G21: =SUM(G9:G10) -> 1720.1014 | H21: =SUM(H9:H10) -> 2491.2557 | J21: Hidro | K21: =SUM(K8:K9) -> 2412.9148 | L21: =SUM(L8:L9) -> 2955.3349 | N21: Eolica | O21: =SUM(O8:O9) -> 1270.6963 | P21: =SUM(P8:P9) -> 1270.6963 | R21: Hidro | S21: 135.04184 | T21: 135.04184
F22: Total | G22: =SUM(G16:G21) -> 2003.3368 | H22: =SUM(H16:H21) -> 3536.1448 | N22: Total | O22: =SUM(O16:O21) -> 4542.213 | P22: =SUM(P16:P21) -> 8442.0151 | R22: Total | S22: =SUM(S16:S21) -> 1903.6761 | T22: =SUM(T16:T21) -> 3499.4051
J23: Total | K23: =SUM(K16:K21) -> 2852.1163 | L23: =SUM(L16:L21) -> 6471.0001
F24: fc | G24: 0.2036 | J24: fc | K24: 0.2156 | N24: fc | O24: 0.182 | R24: fc | S24: 0.2256 | V24: fc | W24: 0.159

Sheet Alternativo-Generación
G1: Norte | K1: Centro | O1: Oriente | S1: Sur | W1: Pando
G2: 2025 | H2: 2050 | K2: 2025 | L2: 2050 | O2: 2025 | P2: 2050 | S2: 2025 | T2: 2050 | W2: 2025 | X2: 2050
B3: Region | C3: 2025 | D3: 2050 | F3: TG_ex | G3: 0 | H3: 2.1473108 | J3: TG_ex | K3: 0 | L3: 161.44663 | N3: TG_ex | O3: 0 | P3: 0 | R3: TG_ex | S3: 0 | T3: 31.97184 | V3: Motor Dual_ex | W3: 81.470918 | X3: 132.12456
B4: Norte | C4: 2512.5696 | D4: 3401.1296 | F4: TV_ex | G4: 42.732776 | H4: 29.280663 | J4: CC_ex | K4: 0 | L4: 894.11277 | N4: TV_ex | O4: 246.0491 | P4: 164.55733 | R4: Motor Dual_ex | S4: 0 | T4: 0 | V4: Total | W4: 81.470918 | X4: 132.12456
B5: Central | C5: 3269.0461 | D5: 5305.3217 | F5: Motor Dual_ex | G5: 282.6753 | H5: 195.01524 | J5: Solar_ex | K5: 208.96803 | L5: 61.305835 | N5: CC_ex | O5: 2230.0112 | P5: 2393.2904 | R5: CC_ex | S5: 1663.51 | T5: 1888.2507
B6: Oriental | C6: 3467.7193 | D6: 9734.2121 | F6: Solar_nv | G6: 250.76164 | H6: 527.71711 | J6: Solar_nv | K6: 0 | L6: 1228.732 | N6: Solar_nv | O6: 41.793607 | P6: 41.793607 | R6: Solar_ex | S6: 133.73954 | T6: 71.845637
B7: Sur | C7: 1946.3974 | D7: 3633.9595 | F7: Hidroelectrica_ex | G7: 1499.0128 | H7: 1320.1399 | J7: Eolica_ex | K7: 88.878416 | L7: 76.569677 | N7: Eolica_ex | O7: 355.51367 | P7: 341.44509 | R7: Solar_nv | S7: 5.0152328 | T7: 1321.5139
B8: Pando | C8: 82.028054 | D8: 146.05296 | F8: Hidro Otras | G8: 415.98468 | H8: 835.46519 | J8: Eolica_nuevas_SC | K8: 0 | L8: 172.22543 | N8: Eolica_nuevas_SC | O8: 564.53796 | P8: 2502.3342 | R8: Hidroelectrica_ex | S8: 135.04184 | T8: 109.90624
B9: Total | F9: Total | G9: 2491.1672 | H9: 2909.7654 | J9: Hidroelectrica_ex | K9: 1546.8341 | L9: 1158.8273 | N9: Hidro Rositas | O9: 0 | P9: 3607.6253 | R9: Total | S9: 1937.3067 | T9: 3423.4883
J10: Hidro Otras | K10: 1408.5009 | L10: 1190.2354 | N10: Total | O10: 3437.9055 | P10: 9051.0459
J11: Total | K11: 3253.1814 | L11: 4943.4552
G13: Norte | K13: Centro | O13: Oriente | S13: Sur | W13: Pando
G14: 2025 | H14: 2050 | K14: 2025 | L14: 2050 | O14: 2025 | P14: 2050 | S14: 2025 | T14: 2050 | W14: 2025 | X14: 2050
F15: TG | G15: 0 | H15: 2.1473108 | J15: TG | K15: 0 | L15: 161.44663 | N15: TG | R15: TG | S15: 0 | T15: 31.97184 | V15: Motor Dual_ex | W15: 81.470918 | X15: 132.12456
F16: TV | G16: 42.732776 | H16: 29.280663 | J16: CC | K16: 0 | L16: 894.11277 | N16: TV | O16: 246.0491 | P16: 164.55733 | R16: CC | S16: 1663.51 | T16: 1888.2507 | V16: SD | W16: =(8760*$W24*'alternativo-potencia'!V6)/1000 -> 0.557136 | X16: =(8760*$W24*'alternativo-potencia'!W6)/1000 -> 13.9284
F17: Motor | G17: 282.6753 | H17: 195.01524 | J17: Solar | K17: =SUM(K5:K6) -> 208.96803 | L17: =SUM(L5:L6) -> 1290.0379 | N17: CC | O17: 2230.0112 | P17: 2393.2904 | R17: Solar | S17: =SUM(S6:S7) -> 138.75478 | T17: =SUM(T6:T7) -> 1393.3595 | V17: Total | W17: =SUM(W15:W16) -> 82.028054 | X17: =SUM(X15:X16) -> 146.05296
F18: Solar | G18: 250.76164 | H18: 527.71711 | J18: Eolica | K18: =SUM(K7:K8) -> 88.878416 | L18: =SUM(L7:L8) -> 248.79511 | N18: Solar | O18: 41.793607 | P18: 41.793607 | R18: Hidro | S18: 135.04184 | T18: 109.90624
F19: Hidro | G19: =SUM(G7:G8) -> 1914.9975 | H19: =SUM(H7:H8) -> 2155.6051 | J19: Hidro | K19: =SUM(K9:K10) -> 2955.3349 | L19: =SUM(L9:L10) -> 2349.0628 | N19: Eolica | O19: =SUM(O7:O8) -> 920.05163 | P19: =SUM(P7:P8) -> 2843.7793 | R19: SD | S19: =(8760*$S24*'alternativo-potencia'!R11)/1000 -> 9.0907776 | T19: =(8760*$S24*'alternativo-potencia'!S11)/1000 -> 210.47126
F20: SD | G20: =(8760*$G24*'alternativo-potencia'!F11)/1000 -> 21.402432 | H20: =(8760*$G24*'alternativo-potencia'!G11)/1000 -> 491.36417 | J20: SD | K20: =(8760*$K24*'alternativo-potencia'!J13)/1000 -> 15.86471 | L20: =(8760*$K24*'alternativo-potencia'!K13)/1000 -> 361.86649 | N20: Hidro | O20: 0 | P20: 3607.6253 | R20: Total | S20: =SUM(S15:S19) -> 1946.3974 | T20: =SUM(T15:T19) -> 3633.9595
F21: Total | G21: =SUM(G15:G20) -> 2512.5696 | H21: =SUM(H15:H20) -> 3401.1296 | J21: Total | K21: =SUM(K15:K20) -> 3269.0461 | L21: =SUM(L15:L20) -> 5305.3217 | N21: SD | O21: =(8760*$O24*'alternativo-potencia'!N12)/1000 -> 29.813784 | P21: =(8760*$O24*'alternativo-potencia'!O12)/1000 -> 683.16612
N22: Total | O22: =SUM(O16:O21) -> 3467.7193 | P22: =SUM(P16:P21) -> 9734.2121
F24: fc | G24: 0.2036 | J24: fc | K24: 0.2156 | N24: fc | O24: 0.182 | R24: fc | S24: 0.2256 | V24: fc | W24: 0.159
